total_gap,explained,unexplained,interaction
16.28751351649911,-0.18235346388428297,16.43479269812815,0.03507427559270582
16.37243134619328,-0.029751840733297286,16.350407283520326,0.05177590284984035
15.935245432192481,-0.5388583116837253,16.50229399895761,-0.028190250717671006
16.480938705804235,-0.10557986200365121,16.55362635012716,0.03289222825151228
16.023393987831554,-0.5319502880047366,16.481999141862616,0.07334514238755219
16.375440766688072,-0.2591506286935328,16.588813241338357,0.04577815332777391
16.090057750713676,-0.5135657508617442,16.505863479571417,0.09776002246326243
16.021003184648436,-0.4534541890316177,16.437107952078804,0.03734942988194234
16.54906894165211,0.041811945991867105,16.41367165837437,0.09358533568592975
16.146428178226145,-0.21773140922232415,16.342662031180225,0.02149756427434113
16.288984030050088,-0.38850258159618534,16.608120060060173,0.06936655759000132
16.477871456749604,-0.18549232916848268,16.587574950652197,0.07578883705991757
16.249088959230498,-0.20639820043470536,16.474475124385208,-0.018987973006005632
16.49246697748282,-0.17333206282637548,16.560259740101174,0.1055393193191776
16.882433277518885,0.2923658766289918,16.491370860370807,0.09869654214844559
16.45707827132641,-0.41753697431340697,16.77473921258934,0.09987604184425436
15.831588368897272,-0.7622433856358839,16.537224528961815,0.05660721635013033
15.834782321809278,-0.6678490180729568,16.411011927761137,0.09161941210913938
16.240189699917963,-0.3208496821462177,16.47098990099039,0.09004948738493113
16.27504330654807,-0.2695219633924353,16.468994346330874,0.075570940329726
16.022561256570135,-0.19749844959915208,16.182276415405795,0.037783289761136984
16.27539969358277,-0.4025648603819718,16.625049896887504,0.05291466806011158
16.49626079049417,-0.2606288314109406,16.710885936859995,0.046003684393326694
16.307562048005856,-0.11677399887230422,16.35013357945718,0.07420245542380144
16.32170902670456,-0.5107893060167044,16.764914910076186,0.06758343208321094
15.918794319011255,-0.4130408534892922,16.34097743406892,-0.00914226430177223
15.926123644133419,-0.3619308070938132,16.361085376585834,-0.07303091439280252
16.0115174473584,-0.4556978191540111,16.384854045172688,0.08236121079062286
15.91913376524348,-0.3703551627404522,16.187304393039085,0.10218452569461078
16.64931345266529,-0.2160996685961436,16.85790281346999,0.007510296120017301
15.941908690928223,-0.3941290688717345,16.37869832967408,-0.04266058647772297
16.28538965143094,-0.3013390354135481,16.418357757502235,0.16837093437789008
16.447961784218656,-0.27288417715681135,16.679871475556865,0.04097449273285747
15.852501622721292,-0.48536807082746236,16.236372467596084,0.10149722422829655
16.26146523484141,-0.25102184926436166,16.420571494149044,0.09191559270493599
16.154930607581683,-0.5507170648161264,16.635480191209354,0.0701674902711602
15.54457959193055,-0.6193951924578869,16.129464236379135,0.03451054419747379
15.827544410295125,-0.5615349619874905,16.368186688865535,0.020892692009510938
16.372239473997347,-0.3022124865474325,16.57849296112545,0.09595900318618078
15.917438943605674,-0.36767053475523426,16.252610168477986,0.03249931951722829
15.969165960182075,-0.5067560655970738,16.452317806426436,0.023604221467394382
16.224518567972098,-0.4469028215517028,16.66673392429948,0.004687465720962791
16.51798768474093,-0.2672210241225912,16.701174974557944,0.08403374561294186
16.109922342916683,-0.42002418127594865,16.452806597342715,0.07713993019569898
16.501650338130254,-0.06168324778263923,16.57429275859613,-0.010959176651340385
16.284900295778264,-0.4013893801256927,16.619327823398635,0.06696184412885486
16.22595282746441,-0.2868063650057593,16.42248671699781,0.09027248254369624
15.832806327334112,-0.3918203310095123,16.129472914384678,0.0951537355686014
16.295265731499782,-0.30616067755363474,16.55624493828509,0.04518148459010263
15.792275179426085,-0.29183244418709364,15.98083155794302,0.10327606278951862
16.16466463698307,-0.2894277584591691,16.383796538226306,0.07029584921292553
15.848260453902299,-0.7543903085534112,16.44534631888382,0.1573044317356107
16.267726733364746,-0.33857974461716367,16.575970636680722,0.03033583899559744
16.262983716441354,-0.2817243491499539,16.47116331383586,0.07354474397834565
16.484244201111416,-0.17056339350892813,16.648329806979746,0.006477780596469529
16.088230775988848,-0.5633630672400614,16.594773319200613,0.056820542598870816
16.042561078636083,-0.42220747482861043,16.38212399184704,0.08264455092285061
16.544505193264165,-0.019316227810577402,16.548055240418762,0.015766179018100956
15.574730698698744,-0.5343883782952616,16.17387245228747,-0.06475337425945327
16.652028318200905,-0.0910016900706978,16.708195973653346,0.03483402596793894
16.132053332759995,-0.3550611252012459,16.463781347265467,0.023333117283982574
16.4110814348452,-0.22202018225743814,16.566963047720492,0.06613856661533646
16.75996117331183,-0.20968938503756362,16.871943683363497,0.09770687628952146
16.414830912627345,-0.19451296349507174,16.480051830643788,0.12929202858322242
16.000372438167,-0.4158570068902918,16.43077744898619,-0.014547992445841373
16.385592273807852,-0.2561070692318026,16.61394830676727,0.02775106225089985
16.064309881010338,-0.2470751563741942,16.255422101763543,0.055962943329177506
16.607802852060097,-0.1361807472731016,16.66970648476854,0.074277106570662
16.076925922726936,-0.745259536892263,16.737127645639703,0.0850578219324234
16.169038922698412,-0.12266598790756689,16.309766423888505,-0.018061508787468483
16.091481148816243,-0.3802437636650211,16.452694734325632,0.019030169083180226
16.443057069745322,-0.3094256708091052,16.701950867893174,0.05053186965869827
16.11139207800627,-0.2824041120802576,16.34246740140952,0.05132878984113631
16.009324150948864,-0.3557728077284992,16.46490966179408,-0.09981269945274107
15.951405586164732,-0.4527860749985848,16.31604839512147,0.08814325094499509
16.03049051593083,-0.45401232313452056,16.372816665563732,0.11168618006377073
15.84404994163392,-0.553774178754793,16.411753492080607,-0.013929378702414397
15.871314031692272,-0.3719404077201034,16.24856033863034,-0.005305892480464536
15.806531439275005,-0.7531748901437822,16.52731350203976,0.032392826475188485
15.810232689521065,-0.6130492197180502,16.309946663794108,0.11333524690962804
15.919271812395259,-0.329220540184906,16.22348677320406,0.025005577865158557
16.31612894137777,-0.07726949281095585,16.32020526388078,0.07319316500911555
16.6726321150907,-0.20591180209703452,16.82058752514422,0.05795639238203876
16.46547242041064,-0.33527050284737925,16.711477475473657,0.08926543705820222
16.102043386989088,-0.45333648837549845,16.511558204772882,0.04382166318873715
16.23665415073755,-0.20856964414997492,16.52275207755156,-0.07752827643162163
16.645787467439,0.09282487697601027,16.52665745082777,0.02630514302472875
16.58344001343403,-0.1513097108272632,16.721216509118676,0.013533206623833394
15.853937290858013,-0.4950248616896715,16.338225254206918,0.01073689642817044
15.751421637297042,-0.6300182681225124,16.328549273195677,0.052890636234224075
15.897593368102143,-0.4382381907362287,16.28367085987702,0.05216070922142535
16.468403994767243,-0.3721782451702893,16.765556866303086,0.0750253880105447
16.164328045109258,-0.2969091688228218,16.337943534948863,0.12329368420614628
16.24128303039447,-0.39152542106421606,16.702698410954326,-0.06988997351800208
16.514554373488707,-0.30453091233357554,16.794063930225093,0.025021362657753343
16.52328885847536,-0.10172522060747724,16.618258226430044,0.006755852526111994
16.236397740386103,-0.43678714772067906,16.662883055396378,0.010301836711732903
16.213573141451242,-0.2781327771826909,16.453295214567333,0.038410695788115845
15.884670464322568,-0.386246278827457,16.159435958834365,0.11148078987753252
15.907089781433989,-0.420968581289344,16.194260257063434,0.133798116201433
16.021413804492752,-0.528495221713456,16.565076738595963,-0.015167709101660876
16.145743428766515,-0.4161179508500936,16.49790523480624,0.0639561454199793
16.351454036118383,-0.40535990283751744,16.66736658848822,0.08944734946703647
16.272801930880796,-0.533530832204633,16.720904654357582,0.08542810742801521
15.865144651099165,-0.38320666268191417,16.314040497178212,-0.06568917733329727
16.16292714824759,-0.27412370654383267,16.416683747665957,0.020367111239920632
16.385983543326383,-0.24116058695108222,16.5949047524482,0.03223937663278775
16.392020029440665,-0.32589281533546455,16.6161610178533,0.1017518379876492
16.184452532205135,-0.32989796294032203,16.446992709534243,0.06735780073768183
16.093142200057898,-0.44209559075534344,16.588700456079096,-0.05346267075401556
15.582030961262646,-0.597199550787991,16.211412435164675,-0.03218192667372932
15.8621103939793,-0.4747729332520976,16.306069726124406,0.03081359098723624
15.821283504885209,-0.46135772037814604,16.3324958733283,-0.049854644084007305
16.025058152918724,-0.4584501086101227,16.452401941642165,0.031106317746889545
15.984318673916974,-0.3361589541509602,16.329641023650765,-0.009163380089376005
16.34414858381193,-0.339298089609656,16.593952558236197,0.0894941062624639
15.724807043518574,-0.6348586256717681,16.300217899028212,0.059447782405186445
16.15231590407724,-0.36704991693477496,16.479215421015397,0.040150389320842805
16.376324616913593,-0.13917427706110175,16.514593637548387,0.0009052562145370757
16.008561703629375,-0.22871081467201293,16.246748484903947,-0.009475965104684292
16.111548437535333,-0.33612996932060923,16.37009531399235,0.07758309345808811
15.49167898921609,-0.5151563498066025,15.979387951083481,0.027447377800854156
16.31157034566281,-0.1233076906964925,16.47019725444261,-0.03531920744535455
16.284193638191162,-0.19610165381482147,16.477827089023776,0.0024682049238435866
16.420234435498713,-0.23973306037078146,16.659939639735967,2.7856106498802546e-05
15.761605061333476,-0.6122795057162875,16.431757007841952,-0.05787243991107971
15.58274132580869,-0.5738608677129378,16.165906755020842,-0.009304568946390646
15.907579248295434,-0.34477964506186254,16.20342913456261,0.04892974852009502
15.914055305603561,-0.5868987444264349,16.521185463527218,-0.02023141278186813
15.900349232603894,-0.6156733837487991,16.53240083088167,-0.016378209982576664
16.097129071492027,-0.33235736618917144,16.4409998327028,-0.011513381281474722
16.353486524648133,-0.2373275056543207,16.57529465726111,0.015519374796667762
15.974438812750023,-0.5843770957762899,16.521909741451964,0.0369061825076642
15.889778839121306,-0.46528619917080505,16.407013412215747,-0.051948376381915295
16.190186196841736,-0.16974975449375052,16.256399803445674,0.10353614724317595
15.8459908312077,-0.4869226940572844,16.302346678101458,0.030566848128728452
16.022019150891403,-0.2525378665268363,16.231432478525676,0.04312453035981889
16.084874532413465,-0.4446881855828906,16.52396486606449,0.0055978480386329466
16.089346274079958,-0.17860979082070116,16.241489838575944,0.026466227829587297
16.462168926861317,-0.29370946309063584,16.661476915236562,0.0944014786673506
16.122140924493316,-0.5144777668429015,16.636187784723006,0.0004309087889851071
16.002165827843633,-0.2961979834490194,16.206545908702537,0.09181789959257003
16.472078110073696,-0.08868061142493389,16.415925526758656,0.1448331984829565
15.934718932811002,-0.6343702681715513,16.523311294266023,0.04577790996154363
16.370069753846806,-0.5643472812735126,16.924843326676637,0.009573707246090635
16.069180083695727,-0.4231532751400664,16.431552541907877,0.06078082231579174
16.594882469012596,-0.2144473316384392,16.782814573147334,0.026515229250435368
16.013549861748963,-0.36313765755676286,16.303578900522552,0.07310861402402224
15.676681782409652,-0.44963221072430315,16.11331298830919,0.013001005347177852
15.877354447183059,-0.3403934966208908,16.14738237147685,0.07036556805906002
16.244044195847536,-0.4010498012394237,16.590304158744402,0.05478983926195724
15.780409426203526,-0.07785068640350801,15.737356667988934,0.12090344507487316
16.327152770080694,-0.4218776500893,16.696318938862532,0.05271148631163669
15.518451017541707,-0.49591456562120584,15.982050010934472,0.032315567799741984
15.786970224593531,-0.38090227138309274,16.155571806186344,0.012300689619223704
16.73602474617524,-0.025274832588365825,16.73767627158668,0.023623317199962912
15.811796321881175,-0.47001165018446045,16.21206927881576,0.06973870379806613
16.68840337199815,-0.1739330114578479,16.802146320114844,0.06019005769849173
16.371650920122818,-0.10711962636924,16.432614477118477,0.046156068423442775
16.13907972519572,-0.3959776359552052,16.48312943370547,0.051927934363448
16.111664873116354,-0.25298449084948516,16.29345435684081,0.07119500606859219
16.271087981334723,-0.35710489534267253,16.545419613597915,0.08277325883227604
16.07617763599071,-0.6777033473117626,16.735897701932117,0.017983276973609463
15.992598129690933,-0.4360627291825949,16.355870489467634,0.07279038218325695
16.108255434679855,-0.3889507701842376,16.486111516016535,0.011094698718807194
16.35543668161931,-0.2587925697280298,16.60011124308221,0.014118014732957818
15.479426822591243,-0.4393423465971864,15.873470295220613,0.04529887337503169
16.17862029952969,-0.3249806709591212,16.493435623124242,0.010165353745833272
15.912480255809818,-0.575743556204543,16.503738154890016,-0.01551434116117889
16.219157119084954,-0.12005436580147943,16.23947244619194,0.09973904007574674
16.44898104965508,-0.1307093441955658,16.551245872396976,0.028444523029975244
16.27290783869836,-0.46797663994129834,16.710930530563928,0.029953951174320537
15.711517150801683,-0.4249135469945031,16.166119622881524,-0.02968892747958307
15.892565286034511,-0.3887828734568757,16.185031876317225,0.09631627841372392
15.977340397808582,-0.469530870905146,16.430594644858502,0.016276636606562533
16.695471875487698,-0.01929918553105381,16.65032131737098,0.06444975155591237
16.129099590788798,-0.4772237400738959,16.529220340773463,0.07710298760321166
16.047994850292618,-0.41646534369101573,16.436217700480483,0.02824249850391425
16.000281543533212,-0.526767705763632,16.43760220927652,0.08944703584256786
16.49457023185917,0.04161641603241151,16.310532302828506,0.14242152508597883
16.095353586427187,-0.3625978263808065,16.4391756108962,0.018775801871015574
16.007046410014134,-0.3922540837484121,16.297954096691683,0.10134639545958635
16.216628046332545,-0.3695495546080565,16.532192057697102,0.053985544574970845
16.160256395523618,-0.23781810865602893,16.435127224191092,-0.03705271746366634
16.329204238240315,-0.16472755366885394,16.498124449281022,-0.004192657559997315
15.917039889473315,-0.4932349931441422,16.469947656383738,-0.05967277693616779
16.134471233813095,-0.4869858211131941,16.5279919244349,0.09346513350556052
16.189164818438705,-0.1879381272410683,16.413771386723965,-0.036668458400527015
16.201074499124964,-0.21253197596615792,16.4008062989451,0.01280016920009075
16.11257596949026,-0.3054530592235096,16.40865787025541,0.009371150674269302
16.330765535216294,-0.392116182603786,16.73552227439359,-0.012640560561521852
16.381275334747663,0.0834889212383132,16.325954572530463,-0.028168165263195988
16.45620999032854,-0.08691776071827917,16.550197798991576,-0.0070700451178709045
15.910496921555925,-0.5481839696640236,16.371777277934598,0.08690362404558982
16.25583829355334,-0.31325395756175567,16.551199918147177,0.017892320271130302
15.917206999183364,-0.2835041991966136,16.15578315174207,0.04492806088455836
16.045873320608578,-0.4343192659998749,16.384488361654803,0.09570421421449282
16.2828485681315,0.045708030056403004,16.22350780662964,0.013632734836164673
16.25816544825104,-0.34177653724054835,16.587950525106862,0.011991477275842044
15.952396308017164,-0.5442459058376699,16.43182592728408,0.06481629147310741
15.815678101028716,-0.5366038629690593,16.227645732928067,0.12463622926770768
16.16903477090436,-0.6399927884558565,16.721924277953804,0.0871032929408102
16.219499605023515,-0.2964376179888859,16.461954859551042,0.053982356021151645
16.433633164530782,-0.3024084457265417,16.626361852977425,0.1096797537375096
16.41910277506654,-0.07640694325527875,16.501171079929918,-0.005661367668835737
16.3936382653063,-0.0958168010774898,16.487015197286382,0.0024398693217335676
16.230485103770754,-0.258881208152161,16.468950935290195,0.020415359354046814
15.877826454267797,-0.34401296609212295,16.164058095775545,0.0577813271429477
16.405135620947135,-0.22891415935373516,16.66540348599665,-0.03135369626033935
16.24563003289186,-0.16643131033924874,16.32843437237898,0.08362697900020066
16.255159364019292,-0.36594736954612017,16.495822449447587,0.1252842988615157
16.137925563522636,-0.11331585525840637,16.186923035187647,0.064318374836148
15.997279907652242,-0.22636123315169243,16.21714702254394,0.006494110763924255
15.969286992392206,-0.2978241831942796,16.21920504188165,0.047906134787808696
15.833821107350197,-0.513093667830617,16.3301769036334,0.01673786490027851
15.720931306714157,-0.45118379244740936,16.09557499876246,0.07654009415273322
16.31871828928292,-0.29352875974382187,16.55419463000726,0.05805243480244826
16.262822686144027,-0.3940242541120824,16.6045532169519,0.05229371652330883
15.472564685507159,-0.48754235669730406,15.967823917628266,-0.007716872822129517
16.01501233119898,-0.4605642894603079,16.449099701829255,0.026476917722902726
16.32535389410478,-0.2792612054327037,16.50428517430555,0.10032992657033901
16.079310683566952,-0.3091431310058397,16.322643900522962,0.06580992035924282
16.07200652869613,-0.2764038154282389,16.390068564156536,-0.04165821767446687
15.903984758467516,-0.5601586997472623,16.39668888831511,0.06745457361466833
16.050297390782788,-0.17980593938409584,16.203276089276187,0.02682724583291929
15.997458323587118,-0.2883291048419778,16.11200442397967,0.17378300419477455
15.81031112877271,-0.3835519466574624,16.145204519852996,0.048658541913027875
16.208988115118878,-0.3822504844733885,16.533634895749856,0.05760369892379913
16.4162167963052,-0.2190930971173657,16.541358489659615,0.09395140917695244
16.016799826810875,-0.46931629187565704,16.42957744782325,0.05653866226384707
15.801692968158328,-0.46674503822941915,16.21994540048763,0.0484926019962586
16.334065321806676,-0.4094205648489151,16.668639401672408,0.0748464938824327
16.296554159226474,-0.2790180522843002,16.483388608088717,0.09218361006787745
16.25933833006689,0.009485812372986402,16.37881360820029,-0.12896109321445692
16.162488985698175,-0.5302327809440612,16.63629971491173,0.056422051220579306
15.968594791945073,-0.2595465527501801,16.196941153728403,0.03120021115955751
16.305695149332976,0.01074501490984403,16.184831285383552,0.11011884463914612
16.36350988219656,-0.3114783755281678,16.566751296631992,0.10823695833096281
15.891188187849409,-0.5134549065805913,16.31884192326106,0.08580117790097574
16.07043340652106,-0.4295519616753154,16.334035458625294,0.16594991242527612
16.066217333814258,-0.474348078136245,16.582925466122106,-0.042360062416264554
15.882472719562251,-0.5157597199886368,16.344983144896105,0.053249301465257304
16.292914518638398,-0.3635085108307976,16.66844534710981,-0.012022324104691506
16.275124118253466,-0.20599599549314007,16.428761012852192,0.05235909971634101
16.08403913214159,-0.23116459537050105,16.281556976493448,0.03364676529599819
16.011985376788274,-0.6199568969204847,16.494964323705062,0.1369779491033114
15.972480797025831,-0.4507091389823472,16.52671636256855,-0.10352642492489394
16.40130277365791,-0.3326115383033539,16.78548778477125,-0.05157346489158954
16.07037661590975,-0.4287426382798003,16.484396752202883,0.01472250970073219
15.579818981779923,-0.7208368911578873,16.370610714890063,-0.06995484887556813
15.819683433118492,-0.3093734750564181,16.108483165386133,0.020573741630869335
16.259696644720236,-0.2165238438074084,16.462353731505573,0.013866753050933767
16.122157679947833,-0.06228070901670435,16.188785490114242,-0.004347105945726071
15.664625120800508,-0.4300907668439322,16.047075912589207,0.047639968781368225
15.973125807885367,-0.1779750808927929,16.106733954744413,0.04436692954550381
16.35624969185904,-0.20724349533156783,16.564763959264383,-0.0012707727282759151
16.17832889548562,-0.6391115726655698,16.81790576002095,-0.0004652934321711655
15.974375905656423,-0.3016930070643866,16.167437390075065,0.10863150794921239
16.26668214939862,-0.07791238148820412,16.29295282601379,0.05164170392254164
16.340352250068484,-0.023561343246910837,16.44817891830462,-0.08426533157739868
16.356480709541607,-0.36485530831851065,16.69611507281661,0.025220942457963247
16.19763703607871,-0.3120521540349728,16.496447288431227,0.013241892197129346
16.26604559040549,-0.22056639949551027,16.450549986446276,0.036062027052139456
16.370039393852892,-0.10707976229696214,16.463317730696872,0.013801433468870528
16.29385323185656,-0.36475985043398396,16.499180224491283,0.159432874016602
16.430449109199238,-0.20298436649954965,16.562902315403335,0.0705311563910982
16.13581319002725,-0.23601008607693075,16.33281856152462,0.03900472448731307
16.176145904422015,-0.1575608042658132,16.34935885615414,-0.015652158563170815
16.201834611060313,-0.17143315059729503,16.325096852960996,0.04817090756841935
16.1596246185076,-0.25311265918207937,16.38603759952821,0.026699676413954876
16.20199630861027,-0.3001378640983603,16.524178107851185,-0.022043936293812294
16.0467053475478,-0.4677106065246335,16.48094652686268,0.033469446679191606
15.705785932757998,-0.6043428981147372,16.2418565627886,0.06827226570840139
15.62867232669874,-0.6223611643799813,16.181406378513202,0.0696271153010457
16.2804352266379,-0.2107620830884116,16.363891789224,0.1273055309393385
16.433189849308413,-0.16049089577973064,16.631324787507765,-0.03764404308185476
16.440411079507236,-0.24157725228360505,16.627152079483494,0.054836255350892316
15.981408303365654,-0.46303434975743585,16.45391065243166,-0.009467996957027935
16.361953144780102,-0.16013290204591613,16.634342094301246,-0.11225604258561361
16.243803280584537,-0.22065358194049622,16.365659526898526,0.09879735483627883
16.717721599226586,-0.13225239313942438,16.778188347583637,0.07178563331490295
16.255021057380404,-0.32112584002970834,16.460118781542405,0.11602811793636647
15.673942895779966,-0.6860358215344604,16.31124025367899,0.04873845487873041
15.900509484439851,-0.5763857846995961,16.413852405617945,0.06304287911825668
16.493442797360196,-0.059954881196972565,16.501096631633118,0.05230104435167959
16.117220974418643,-0.3464226841661002,16.43172792135738,0.031915743212266534
15.925758249188448,-0.23175286876903556,16.148084710352123,0.009426400965821813
15.826339203797119,-0.4020185400313494,16.193623433355242,0.03473430612029915
15.876952798179424,-0.27795471378158254,16.145503203151748,0.009404306319993339
16.319598951523744,-0.11728850420331582,16.47030007163994,-0.033412624081393005
16.27443525406941,-0.13095200441421184,16.393048151861876,0.012339105727278366
16.40294777376726,-0.15873184575866617,16.5404541043099,0.021225525743830076
16.282042193348303,-0.32840489686532237,16.649060134077445,-0.03861303425037477
15.993986015126623,-0.44468421696001315,16.377054784214124,0.06161544799851981
16.35467664382314,-0.18835506441428151,16.493025750591187,0.050005966042590444
15.719207422518082,-0.5774122424154484,16.18284970195964,0.11376996995750233
16.106925155386442,-0.5058753393022926,16.45783329755068,0.15496719826387562
16.150714386596505,-0.5249406007787911,16.669597491272725,0.006057500065253407
15.905577564594672,-0.4701461797012598,16.258370547089726,0.11735320126354054
15.965458185688249,-0.5398535685944807,16.37694891402498,0.12836283713659213
15.931686343822676,-0.3330934548866935,16.167944211163558,0.09683558344931953
15.83055831621028,-0.49004641268766136,16.226085466332734,0.09451926782276132
16.272991134066245,-0.18312595485349448,16.374897646950558,0.0812194288810133
16.031799628488578,-0.2027612457623036,16.20608603185974,0.028474841486968216
16.10317093269682,-0.24147375050142728,16.234832855174318,0.10981183641979442
16.54266061048424,-0.2367297762320959,16.747573002241552,0.031817398226849036
16.188630052538734,-0.4757714950974332,16.60935759858694,0.055043941317308054
16.1582152327099,-0.1841984883949408,16.283219355042093,0.059194368476710224
16.423001198459843,-0.07202206422016388,16.510209414875135,-0.015186163421276433
15.740647064514796,-0.6492089896310063,16.358742305747,0.031113753089130114
15.686452807261496,-0.5046811459833407,16.17754868674092,0.013585269340183004
16.317345046335127,-0.0253034718134586,16.309388313791715,0.033260204041653196
16.062098161014724,-0.31050921651694807,16.217539478093386,0.15506789837127144
15.677595659002776,-0.47921882544505934,16.171395801589824,-0.014581311450456269
16.557823592495474,-0.05130165772243345,16.59779676340986,0.011328495762427337
16.015929581124766,-0.45920904154263553,16.48571502394043,-0.010576397577096941
15.499638905127433,-0.41338402851033607,15.82344875507988,0.08957416192424716
16.127654062141225,-0.2217943608720816,16.477683919714764,-0.12823549006679968
15.866172257193263,-0.4188981873430748,16.3152008021425,-0.030130364025808376
15.520740843162628,-0.7026511088406551,16.180831686244346,0.042560269072055235
15.840663300995047,-0.5211708282477048,16.211072757607326,0.15076137196047057
16.127051829588126,-0.3974051526220137,16.516465324675664,0.007991657585080247
16.53619104035434,-0.18469847694177588,16.670449355384335,0.05044015546081937
16.13028010894012,-0.3710164841495498,16.401918119750917,0.09937845210242813
16.238799553237314,-0.24322282861430722,16.424034747527912,0.057987641765066655
16.10971616185919,-0.2775699773537781,16.278638157527894,0.10864799622231658
16.020406697881725,-0.4414550015280838,16.417109212721698,0.044752490783139365
16.554109219614702,-0.1874191513270489,16.67537216434721,0.06615622006302146
16.179118107048822,-0.3062087544276437,16.460394709021784,0.02493214648711728
15.912986922960862,-0.320595261769995,16.210060109384358,0.023522080628026742
15.796899573662643,-0.47176608292193123,16.190370736643672,0.07829492199653032
16.334052644007002,-0.14049212668578548,16.457097415579483,0.017447365147745586
16.302721278574644,-0.20860690640256507,16.513442816096358,-0.0021146346575733332
15.680630879931961,-0.6134655219520937,16.175183716928586,0.11891270415071631
16.116651214826064,-0.3087504708164488,16.455889703705907,-0.03048800783108163
16.170880095076072,-0.3449284571215685,16.442669440293685,0.07313910993798345
16.12121618651046,-0.2327147850764959,16.314917593845166,0.03901337583465647
16.33601477445565,-0.28376224110434123,16.579801972722635,0.039975033865630394
16.539804843438453,-0.19717292157929478,16.667643742985092,0.06933400111574883
16.021644859244923,-0.2530909321776562,16.282429769518785,-0.007693977609051217
16.35978275737694,-0.19115050710570358,16.531989064533263,0.018944195055155433
15.92125377507432,-0.40582171303321957,16.3675347447861,-0.040459240901327576
16.521590737644054,-0.09423544258243055,16.571955555002205,0.043870614397746976
16.459526940138915,-0.20703563823008153,16.694349266937934,-0.027786680622739368
15.819347730914814,-0.6303997802006052,16.447233577026054,0.0025139464960375335
16.158703550414096,-0.3100380189716816,16.400349308969453,0.06839227140153525
15.973352599634723,-0.41857181801242405,16.35765961674042,0.03426479862537235
15.883111132034848,-0.4676045976302703,16.265752386534587,0.08496334306619246
16.263934736763275,-0.49788599819294177,16.677904245792888,0.08391649402437906
16.26106655140496,-0.026937033333524596,16.24961761815939,0.03838596245623194
16.63684898850064,0.03275031582234078,16.596773576689884,0.007325095223222888
16.06660611967026,-0.6905087285049376,16.722767938976176,0.03434691140137147
16.120888194781415,-0.43539694551600405,16.430683771555778,0.12560137384389236
16.31382002491818,-0.003486784951746813,16.29559111839626,0.021715700457207276
16.04249313007829,-0.45670271156996023,16.50580316595733,-0.006607332361909357
16.40012181067152,-0.09916905188583769,16.489306329051033,0.009984529952816956
16.36741720229135,-0.4173911414382019,16.67594317207113,0.10886516888422193
15.952245101161054,-0.493368957486382,16.485104945255443,-0.039490880219091196
15.863772965074148,-0.3206529050003155,16.18572134518763,-0.0012954752962741622
16.6062869653314,-0.04771122035344888,16.662259274628013,-0.008261093209512183
16.277514921436563,-0.27079647933260276,16.45011101802811,0.09820038440375356
16.13358241626257,-0.21536243241280317,16.222273164894432,0.12667168559710262
16.1172980420955,-0.07762483974056522,16.230856021866202,-0.03593313980491075
15.96108263960685,-0.4836182006229137,16.31590806110762,0.12879280792276404
16.366462141384147,-0.24163101490194094,16.61362128914334,-0.005528133071493357
16.10971397475339,-0.4195840954052983,16.541334138368256,-0.012036064615131181
16.414065610949464,-0.30578100145430653,16.720292960759252,-0.00044634962614509277
16.121267602031253,-0.07562769586184004,16.140473228879273,0.05642208582503372
16.06031389045713,-0.3604265800167923,16.310837921337225,0.10990255458636966
16.533359961655222,-0.2729891889011924,16.745897374348715,0.06045177658779721
16.122522630057716,-0.4656472386323003,16.511846027104184,0.07632384061980702
16.1714107833212,-0.42138146787692676,16.584387286449783,0.008404961688938783
15.998674873379557,-0.21597091729108797,16.274888855754398,-0.06024306635117682
16.337239701975328,-0.40896446669648867,16.733173004700802,0.013031162572588073
16.253738746135944,-0.024697187515812402,16.286040104168933,-0.007604174891184812
16.21193581474695,-0.31016802123122034,16.55599898053333,-0.03389514222726575
15.98478423089314,-0.45219535768046626,16.351351919583976,0.08562767345210887
16.04566491537569,-0.4385010444184445,16.500520849367604,-0.016354896488337545
16.255085224840045,-0.19605520458208048,16.470735559938475,-0.019595128167566145
15.886490099268656,-0.8097691163766285,16.648241240298375,0.04801797980690026
16.718542023384238,-0.01902237149897701,16.604648690205067,0.1329157014570228
16.474867448414884,-0.3132418259328915,16.652834904147312,0.13527436142339866
16.131792548196934,-0.44470395563257625,16.535906363511458,0.04059015527673182
16.58473930255049,-0.026564167676042416,16.584743459825404,0.026560024599348253
15.858240106404544,-0.4285788438801319,16.328519534436055,-0.04170059503212542
15.81549631176118,-0.3475235471923952,16.069272926426493,0.0937469351447362
15.800222454607358,-0.5625731638428988,16.41155941807665,-0.048763806029455736
16.016824255670443,-0.6457701200633892,16.638716851826757,0.02387753095899825
16.89136934693392,-0.13191418062524463,16.924507565097883,0.09877595615762402
16.271635350895167,-0.28590899312439433,16.468458917574026,0.08908543332290719
16.374269590073375,-0.051908077984990086,16.35857365303673,0.06760402640793473
16.555726454601434,-0.14060026310835383,16.69656241615303,-0.00023570052144350484
16.596201590359527,-0.37099030678291456,17.003071287472267,-0.03587938379132538
16.360489896868685,-0.2688276427998062,16.60239681159146,0.02692072857007588
16.00298869859421,-0.31981718899623957,16.328282420989126,-0.0054765351032983745
16.25079219566517,-0.5569172639407043,16.7352184553165,0.0724909973796457
15.88700388378092,-0.41341320831088524,16.304355680244043,-0.003938581998227164
16.058251227281417,-0.3042622276407201,16.319938605534844,0.04257484983281756
16.020100132375518,-0.3149767823415459,16.354773386963643,-0.019696469134942163
15.98567049064198,-0.5291840857316856,16.48348088376224,0.03137369499927445
16.47034592228954,-0.12143760324033792,16.569763865787536,0.022019671965608723
15.922141962441835,-0.3063449061837673,16.167994990944862,0.0604918704038937
15.647504085995514,-0.6996606323918968,16.32628695713356,0.020877762344753137
16.060325419099513,-0.361276945885038,16.39850151631981,0.02310084934833867
16.24188070338805,0.03915302393761522,16.19161866279319,0.011109031773230527
16.154436321673586,-0.22211924723887932,16.361261912737973,0.015293657887013978
15.936057515692482,-0.5958580412570882,16.467280549928546,0.0646349989438022
15.59295488742152,-0.5934999696273735,16.155284550972283,0.031170308619039133
16.049639702123606,-0.3432666899625474,16.417249818099663,-0.02434343051572796
16.15149006775951,-0.30478823290741275,16.49035125883529,-0.03407294439693942
16.180573533276807,-0.13553178218626272,16.210198550717905,0.10590676440369862
15.730790557189295,-0.5697926005123009,16.315981772029772,-0.015398621420899872
15.829757205308809,-0.3343800870461564,16.018149179762986,0.1459881091841453
16.50880469478939,-0.10294151925518236,16.6424520611763,-0.030705838982612477
16.066283947866808,-0.29578859634057153,16.329669740400277,0.032402797840404673
16.152562750474573,-0.38719247603876283,16.446291583619313,0.09346364758175696
16.365875292710747,-0.2657321357528417,16.539835715899244,0.09177171714509313
16.335804330395327,-0.28312806533540424,16.613373011525255,0.0055593760534975445
16.167717540106523,-0.3773731055889584,16.49158204277046,0.05350860215185094
16.147434135679887,-0.3589620478633151,16.42776091909036,0.07863526163055212
16.41390361684278,-0.4342145354639797,16.76708149514161,0.08103664402369759
16.676274906593896,-0.05007889617991168,16.69411930721253,0.03223449205324869
15.875154329969021,-0.45682694205424923,16.342522262304556,-0.010540982711063407
16.42991056220111,-0.42860286670475034,16.785468487243634,0.07304493850824656
16.574043354367852,0.032219714023085544,16.493001158582047,0.0488224749933579
16.11690573462844,-0.3929315754521667,16.440023639821447,0.06981366167929082
16.497086256116027,-0.1423905247957009,16.594794761156663,0.04468201395866345
15.918959760589757,-0.2574509896858217,16.09832748444751,0.07808328205464932
16.12872870954456,-0.2513315914075065,16.35584753844887,0.024212765799347835
16.674509801014153,-0.21590884055149218,16.829280196805485,0.06113844530784718
16.434957846316166,-0.15680641634571657,16.624556445749477,-0.03279217814633739
16.014042664873486,-0.41450115770840057,16.317399758612737,0.11114407538116211
15.815739933104211,-0.5646030771513324,16.367812569020316,0.012530435900771408
16.60661210270203,-0.22785872316671885,16.700518807163462,0.1339520267702028
15.741531248366613,-0.46745236692186154,16.129077026504092,0.07990658706694376
16.026769025688836,-0.42166697881839355,16.363046595361084,0.08538941523693211
16.05497590662022,-0.30633982609651866,16.364521061768755,-0.0032053273480414646
16.119200193948096,-0.31232997063307266,16.229867891408503,0.20166228281686926
16.243151448920507,-0.38489425416264567,16.61883070017211,0.009215004651196068
15.889263794243014,-0.5414430632226868,16.302802181104198,0.12790466679689416
16.665637454223692,-0.24127272963323776,16.907532033044845,-0.0006218425087354262
16.161312915897632,-0.4017010701045365,16.55269563855836,0.01031835241610679
16.469380704314794,-0.262475595428441,16.77138463780284,-0.03952833016592194
16.134279287478,-0.44550075320785254,16.38284234656021,0.19693770419507928
15.862009268138792,-0.36879560437228065,16.27036502212286,-0.039560158882522956
15.64074585497115,-0.5189900071018201,16.115118376212195,0.04461750113841845
15.832779526020822,-0.7852599491034198,16.61763460910879,0.0004048588052683044
16.115077981442212,-0.5490485085538239,16.60527499380987,0.05885149484856811
16.06726599543525,-0.22466764859291288,16.31011583749205,-0.018182196574343834
16.037260942850182,-0.6056006431808783,16.657331347232684,-0.014469763400484226
15.72058433535522,-0.7486035611927946,16.343506880337372,0.12568101555370959
15.893569983122205,-0.5290090095841151,16.36790988512803,0.05466910194627417
15.774339911084887,-0.6662736794169177,16.30910286551807,0.13151072268738062
16.320108917868254,-0.2634844944413999,16.650345462956466,-0.0667520412525846
16.148347752785874,-0.3276214039997285,16.45202538999729,0.02394375619769562
15.93949279163295,-0.36453858392633265,16.221436763589736,0.082594619540032
15.434834070956377,-0.5797278050540626,16.017216903157532,-0.002655026579304831
16.140762573356085,-0.39285372948506847,16.4774850117974,0.05613129566700081
16.046328423960446,-0.24569206203523208,16.430977307492867,-0.13895682272777776
16.62519397589513,-0.06745507042614918,16.648512246552855,0.044136813699878985
16.372561757009585,-0.3013394628978858,16.552281491691247,0.12161972569083446
16.3505457941029,-0.22535309039085405,16.504976921598427,0.07092196743906243
16.267996599977245,-0.03874257358802424,16.19519210490398,0.11154707089099247
16.14845154763684,-0.2938816451733146,16.457405599066988,-0.015072409402819176
16.377311186971973,-0.23380929439917963,16.495919044944458,0.11520145018084804
15.551820876777363,-0.46377146761733457,15.846249987487681,0.16934235448934487
16.08220296415852,-0.2468620010245104,16.224740608246066,0.10432435505663307
16.147907217782716,-0.2816562800671818,16.409043716383167,0.020519780466202064
15.60919440738516,-0.4027270649712591,15.943494345992804,0.06842713386959076
15.585825107900313,-0.47885464174032677,15.937941330252215,0.12673840729803487
16.311869793807837,-0.016359400080546038,16.31169916887302,0.016529997164070664
15.77153407677632,-0.46118846807803493,16.363834607996978,-0.13111206145913457
16.559746948153354,-0.15011874101946887,16.670862203696743,0.03900347117905767
16.201926395364225,-0.3324281781005993,16.49696717399638,0.03738740514654637
16.474310959735377,-0.28922269323629735,16.719513752614148,0.0440199021340959
15.86479445468595,-0.42904578147863504,16.268992307363078,0.024847921781656623
15.640574519327906,-0.5642157102702186,16.085971492924727,0.11881873748552607
16.152595001017566,-0.4635466490726685,16.53688394697383,0.07925769716348441
15.986783023165891,-0.4988752831650345,16.47588570881635,0.009772615190740908
16.092962338409023,-0.5873217339794792,16.635028910124674,0.04525517778165522
15.527012424614362,-0.6979555118232383,16.17062701669056,0.05434092815994518
16.3434567169911,-0.19739014628794394,16.496919161407277,0.04392769793048501
15.958324550929724,-0.4831904380589549,16.437113113352098,0.004401871226946241
16.114757588979046,-0.6026713372230006,16.56751242664177,0.1499164996203035
16.43173534982016,-0.038502958987919556,16.47826031257864,-0.008021996968636813
16.322241234802853,-0.10907834096360602,16.431330370309297,-1.0804576959344558e-05
15.739834350831792,-0.6096821833962167,16.2953470190987,0.05416952540872444
15.786676596374079,-0.5199237675751647,16.216421471443027,0.09017889623100928
16.026411489496887,-0.5271980337838613,16.561786669422872,-0.008177145185982226
15.91112399073409,-0.5195990786278344,16.423142285319045,0.007580780586977198
15.968881747638385,-0.42718486576086434,16.411630814312957,-0.015564199349682895
16.115056369871482,-0.6371726244760794,16.655405373312533,0.09682362733110494
16.34279294891921,-0.23964248061201943,16.573988902149722,0.008446531293884618
16.525240683578062,-0.1665484852692316,16.675354619976133,0.01643455780686054
16.367604218371028,-0.1752709111879085,16.477595034288242,0.0652800935004052
15.718497836433393,-0.5227452600956894,16.18604701361619,0.05519608076065197
16.42099124824057,-0.0932752523185627,16.512924793874845,0.0013416961828625062
16.4536263511402,-0.2686722274447675,16.72630503261462,-0.004006456110801082
16.006748111026383,-0.14104135248180683,16.144632371608168,0.00315708649395674
15.949405051621241,-0.4946197287681571,16.38507779990323,0.058946988582647464
